claim	absolute_path	classification	prior_session_patch_lines	pre_audit_correction_sha256	current_sha256	git_commit	deployed	indexed	measured	performance_verified
SEO/GEO operating plan with embedded public technical research	/Users/jason/Desktop/Michael's back glass business/10-knowledge/SEO-GEO.md	PLAN	411,596,609	1329cf24887551f8d5b991770fb95307ce30a6ad741bc8e57774906bacf8111b	499dbc9fb132a3789d031d58609abc20e21cc55a7bc0b33964c24d9c51dbef95	NONE — business root is not a Git repo; app repo has no commits and all files are untracked	NOT VERIFIED; no deployment evidence	NOT VERIFIED; no GSC URL Inspection/indexing export	NOT VERIFIED; no GSC/GA4 performance export	NOT VERIFIED; cross-system traffic gate unmet
Navigation link to SEO/GEO plan	/Users/jason/Desktop/Michael's back glass business/README.md	PLAN	411	f6ed5debe5908e976fc934796d2489ef72f6bc84645a28722c5fbd7bd7a3ca07	f6ed5debe5908e976fc934796d2489ef72f6bc84645a28722c5fbd7bd7a3ca07	NONE — business root is not a Git repo; app repo has no commits and all files are untracked	NOT VERIFIED; no deployment evidence	NOT VERIFIED; no GSC URL Inspection/indexing export	NOT VERIFIED; no GSC/GA4 performance export	NOT VERIFIED; cross-system traffic gate unmet
Product/market context	/Users/jason/Desktop/Michael's back glass business/01-software/backglass-ecommerce/.agents/product-marketing.md	RESEARCH	508	0ca1ce3f160a56099a6006edbcbeb6a428f8472cc326e180bacd56d2d5ae2339	86ea896bcc24db945513b93d0c671eeb30a05a7938b52412e90480aee394bdaa	NONE — business root is not a Git repo; app repo has no commits and all files are untracked	NOT VERIFIED; no deployment evidence	NOT VERIFIED; no GSC URL Inspection/indexing export	NOT VERIFIED; no GSC/GA4 performance export	NOT VERIFIED; cross-system traffic gate unmet
Competitor discovery notes/profile	/Users/jason/Desktop/Michael's back glass business/10-knowledge/competitor-profiles/raw/parts4cells/2026-08-07/scrapes/homepage.md	RESEARCH	560	c6d52a5bbf3e46ab482d22fd78fa3076c26646024ea92f0efef702fb6848881c	c6d52a5bbf3e46ab482d22fd78fa3076c26646024ea92f0efef702fb6848881c	NONE — business root is not a Git repo; app repo has no commits and all files are untracked	NOT VERIFIED; no deployment evidence	NOT VERIFIED; no GSC URL Inspection/indexing export	NOT VERIFIED; no GSC/GA4 performance export	NOT VERIFIED; cross-system traffic gate unmet
Competitor discovery notes/profile	/Users/jason/Desktop/Michael's back glass business/10-knowledge/competitor-profiles/raw/parts4cells/2026-08-07/scrapes/back-glass-product.md	RESEARCH	560	f099e63fce81f316c864ffe0497e16b3debc3135a16e1245267d5d2bb906c2ab	f099e63fce81f316c864ffe0497e16b3debc3135a16e1245267d5d2bb906c2ab	NONE — business root is not a Git repo; app repo has no commits and all files are untracked	NOT VERIFIED; no deployment evidence	NOT VERIFIED; no GSC URL Inspection/indexing export	NOT VERIFIED; no GSC/GA4 performance export	NOT VERIFIED; cross-system traffic gate unmet
Competitor discovery notes/profile	/Users/jason/Desktop/Michael's back glass business/10-knowledge/competitor-profiles/raw/phonelcdparts/2026-08-07/scrapes/about.md	RESEARCH	560	90b3edd5f3154a05e86ecb9af1ef8c67e110a4cc037df6cab4563005f171c294	90b3edd5f3154a05e86ecb9af1ef8c67e110a4cc037df6cab4563005f171c294	NONE — business root is not a Git repo; app repo has no commits and all files are untracked	NOT VERIFIED; no deployment evidence	NOT VERIFIED; no GSC URL Inspection/indexing export	NOT VERIFIED; no GSC/GA4 performance export	NOT VERIFIED; cross-system traffic gate unmet
Competitor discovery notes/profile	/Users/jason/Desktop/Michael's back glass business/10-knowledge/competitor-profiles/raw/mobilesentrix/2026-08-07/scrapes/iphone-parts.md	RESEARCH	560	cd400c6263bf77337d3ef4de151b4bec6f4a107ac4cc5b1778f1f6debece2a59	bf1fa9583db9bd4c70b26622b47e8bf69a6e845897fd1b07f432746e6bffcd9c	NONE — business root is not a Git repo; app repo has no commits and all files are untracked	NOT VERIFIED; no deployment evidence	NOT VERIFIED; no GSC URL Inspection/indexing export	NOT VERIFIED; no GSC/GA4 performance export	NOT VERIFIED; cross-system traffic gate unmet
Competitor discovery notes/profile	/Users/jason/Desktop/Michael's back glass business/10-knowledge/competitor-profiles/raw/phonelcdparts/2026-08-07/scrapes/homepage.md	RESEARCH	560	67ce9721b8db9fc0241fbd8bbace6ef158006490c6ae24f58e9da3e647c03d60	67ce9721b8db9fc0241fbd8bbace6ef158006490c6ae24f58e9da3e647c03d60	NONE — business root is not a Git repo; app repo has no commits and all files are untracked	NOT VERIFIED; no deployment evidence	NOT VERIFIED; no GSC URL Inspection/indexing export	NOT VERIFIED; no GSC/GA4 performance export	NOT VERIFIED; cross-system traffic gate unmet
Competitor discovery notes/profile	/Users/jason/Desktop/Michael's back glass business/10-knowledge/competitor-profiles/raw/parts4cells/2026-08-07/scrapes/content.md	RESEARCH	560	bf207befe3345ba2ebb439aae80cb274ece2be73c184006d58ba0ba0632167b0	bf207befe3345ba2ebb439aae80cb274ece2be73c184006d58ba0ba0632167b0	NONE — business root is not a Git repo; app repo has no commits and all files are untracked	NOT VERIFIED; no deployment evidence	NOT VERIFIED; no GSC URL Inspection/indexing export	NOT VERIFIED; no GSC/GA4 performance export	NOT VERIFIED; cross-system traffic gate unmet
Competitor discovery notes/profile	/Users/jason/Desktop/Michael's back glass business/10-knowledge/competitor-profiles/raw/mobilesentrix/2026-08-07/scrapes/homepage.md	RESEARCH	560	4a3e0b4a7796498f9d8debf548a7a5218ef21d8f4dc3490279885ea642ded22e	4a3e0b4a7796498f9d8debf548a7a5218ef21d8f4dc3490279885ea642ded22e	NONE — business root is not a Git repo; app repo has no commits and all files are untracked	NOT VERIFIED; no deployment evidence	NOT VERIFIED; no GSC URL Inspection/indexing export	NOT VERIFIED; no GSC/GA4 performance export	NOT VERIFIED; cross-system traffic gate unmet
Competitor discovery notes/profile	/Users/jason/Desktop/Michael's back glass business/10-knowledge/competitor-profiles/parts4cells.md	RESEARCH	565	7a922ad72f81ac949a6c8febf67e960039c90ade9c8545a94ee02ac9f41a2226	bc5772efeffe034bf85bfcd971e74036232018360f4cac8a47bb0798899ca444	NONE — business root is not a Git repo; app repo has no commits and all files are untracked	NOT VERIFIED; no deployment evidence	NOT VERIFIED; no GSC URL Inspection/indexing export	NOT VERIFIED; no GSC/GA4 performance export	NOT VERIFIED; cross-system traffic gate unmet
Competitor discovery notes/profile	/Users/jason/Desktop/Michael's back glass business/10-knowledge/competitor-profiles/phonelcdparts.md	RESEARCH	565	f5f9d897989bae585c1cf1c3657ccbf51d04b83ba0e00167eeb18525efae374d	f5f9d897989bae585c1cf1c3657ccbf51d04b83ba0e00167eeb18525efae374d	NONE — business root is not a Git repo; app repo has no commits and all files are untracked	NOT VERIFIED; no deployment evidence	NOT VERIFIED; no GSC URL Inspection/indexing export	NOT VERIFIED; no GSC/GA4 performance export	NOT VERIFIED; cross-system traffic gate unmet
Competitor discovery notes/profile	/Users/jason/Desktop/Michael's back glass business/10-knowledge/competitor-profiles/mobilesentrix.md	RESEARCH	565	ce1c2977822c3b6e70e6a2fbf47b236b672cfc61cba579ab2de5ea0fd167503f	5552ec834f6570605fd70913aff980e4694f097ae4ee4fd4e1924088bd214a27	NONE — business root is not a Git repo; app repo has no commits and all files are untracked	NOT VERIFIED; no deployment evidence	NOT VERIFIED; no GSC URL Inspection/indexing export	NOT VERIFIED; no GSC/GA4 performance export	NOT VERIFIED; cross-system traffic gate unmet
Competitor discovery notes/profile	/Users/jason/Desktop/Michael's back glass business/10-knowledge/competitor-profiles/_summary.md	RESEARCH	565	ec793994d164d07a71f151039a8b4a8546aedc87b926cd48f537f5f4182be628	ec793994d164d07a71f151039a8b4a8546aedc87b926cd48f537f5f4182be628	NONE — business root is not a Git repo; app repo has no commits and all files are untracked	NOT VERIFIED; no deployment evidence	NOT VERIFIED; no GSC URL Inspection/indexing export	NOT VERIFIED; no GSC/GA4 performance export	NOT VERIFIED; cross-system traffic gate unmet
Proposed query-to-page architecture	/Users/jason/Desktop/Michael's back glass business/10-knowledge/SEARCH-ARCHITECTURE.md	PLAN	587	c48d05c1409cc614a20d80ddeea9382a3c31222e7b83b1f5fecea4c0a8c2e13b	4985bb6ed87eb412c246c6fcfa0599836ba7eaa567074babe643652d8e19b4a9	NONE — business root is not a Git repo; app repo has no commits and all files are untracked	NOT VERIFIED; no deployment evidence	NOT VERIFIED; no GSC URL Inspection/indexing export	NOT VERIFIED; no GSC/GA4 performance export	NOT VERIFIED; cross-system traffic gate unmet
Proposed analytics event/measurement contract	/Users/jason/Desktop/Michael's back glass business/10-knowledge/ANALYTICS-TRACKING-PLAN.md	PLAN	609	3040a04393aad19c8c0afb3acc055f05ffa587b9bec0118561ed048cbb12c25e	fda1e0216faeeb0c94f8766715dcdb940c6996fcbd5c9aa3cb3dac6209f2d477	NONE — business root is not a Git repo; app repo has no commits and all files are untracked	NOT VERIFIED; no deployment evidence	NOT VERIFIED; no GSC URL Inspection/indexing export	NOT VERIFIED; no GSC/GA4 performance export	NOT VERIFIED; cross-system traffic gate unmet
