source_type	file_id	file_name	observed_date	use_restriction
Michael Drive	1lnkno_uXppwfy4NIzTdNwCxlTNj3aJXP	IMG_7534.HEIC	Aug 7	reference-only
Michael Drive	1SJSpZnFoQUNqsgXHOGDombC1kEih_VuW	IMG_7535.HEIC	Aug 7	reference-only
Michael Drive	1nlF-AlVMCFxVmKeMOongfw0dCymvR7dS	IMG_7536.HEIC	Aug 7	reference-only
Michael Drive	1JurjBiHu9uZ5dxN4roIq432cOwN15boc	IMG_7537.HEIC	Aug 7	reference-only
Michael Drive	1_tNNCP_cMpQMgClU99N_ZRJ6dnUZEtqF	IMG_7538.HEIC	Aug 7	reference-only
Michael Drive	1QiRDVGsroS1CBxYFv-nprMrgmDPzv5DC	IMG_7539.HEIC	Aug 7	reference-only
Michael Drive	1_RhQQzxSBgyCCk3P3gWQxBQOfbdl1Txz	IMG_7540.HEIC	Aug 7	reference-only
Michael Drive	1B4e28GYB-xyWARge_SdRykUcXQkPQI8x	IMG_7541.HEIC	Aug 7	reference-only
Michael Drive	10NBCCvOGT-essbmNTKcAUpJBzmC1EovO	IMG_7542.HEIC	Aug 7	reference-only
Michael Drive	1zPxdll4HdFEaiNNpQPOBPATdNqzR8SKk	IMG_7543.HEIC	Aug 7	reference-only
Michael Drive	1R1bFV1MMyRj1irDC8m3ctrW_HZsqnHP_	IMG_7545.HEIC	Aug 7	reference-only
Michael Drive	18TI3aTMwcpcu3pOiFVUw2uP85RfqtAce	IMG_7546.HEIC	Aug 7	reference-only
Michael Drive	1i-VjdgVJPr0vwWDUOoXy_Im7mHJ-HbIr	IMG_7547.HEIC	Aug 7	reference-only
Michael Drive	1FZ4aNEwsxiqetBsRRvtpf9IA1zIZuU3x	IMG_7549.HEIC	Aug 7	reference-only
Michael Drive	1duw9J3v1mp5-jrgPVqACTSIyWg4kzrXw	IMG_7550.HEIC	Aug 7	reference-only
Michael Drive	1wd52X4DwWSCi9BHaVLX9zclZaXxqQ7T8	IMG_7551.HEIC	Aug 7	reference-only
Michael Drive	1859l78SD4GEl62IzlHoGgNLIKqdNnEUH	IMG_7552.HEIC	Aug 7	reference-only
Michael Drive	1Vb0rD4fjm85bALg_kuEPCNGiBDM4Mn4l	IMG_7553.HEIC	Aug 7	reference-only
Michael Drive	1tZbCkae2g2jgEFqwTohF8wF2cd_Ov_KN	IMG_7554.HEIC	Aug 7	reference-only
Michael Drive	1O90F_DKxqMnx0uEv2GWwWCIlQlVP7z0n	IMG_7555.HEIC	Aug 7	reference-only
Michael Drive	11W4-1dHblB2ecUlzEPq-bH5bZ-3p2h5J	IMG_7556.HEIC	Aug 7	reference-only
Michael Drive	1rkNXTReP8ng8ZTGu3hnsYrbxUPzlEukE	IMG_7557.HEIC	Aug 7	reference-only
Michael Google Sheet	1fxEtf8XDSiWeuokwNiJ1d3pxAfzLfA_NN0ElUsySuTQ	Wireless Charging Coil Picture from mobilesentrix	Aug 7	authoritative-model-to-supplier-link-mapping; supplier-images-preview-only
